-- phpMyAdmin SQL Dump
-- version 5.2.1
-- https://www.phpmyadmin.net/
--
-- Servidor: 127.0.0.1:3306
-- Tiempo de generación: 03-10-2024 a las 17:43:41
-- Versión del servidor: 8.2.0
-- Versión de PHP: 8.2.13

SET SQL_MODE = "NO_AUTO_VALUE_ON_ZERO";
START TRANSACTION;
SET time_zone = "+00:00";


/*!40101 SET @OLD_CHARACTER_SET_CLIENT=@@CHARACTER_SET_CLIENT */;
/*!40101 SET @OLD_CHARACTER_SET_RESULTS=@@CHARACTER_SET_RESULTS */;
/*!40101 SET @OLD_COLLATION_CONNECTION=@@COLLATION_CONNECTION */;
/*!40101 SET NAMES utf8mb4 */;

--
-- Base de datos: `registro`
--

-- --------------------------------------------------------

--
-- Estructura de tabla para la tabla `alumnos`
--

DROP TABLE IF EXISTS `alumnos`;
CREATE TABLE IF NOT EXISTS `alumnos` (
  `id` int NOT NULL AUTO_INCREMENT,
  `curso` varchar(11) CHARACTER SET utf8mb4 COLLATE utf8mb4_0900_ai_ci NOT NULL,
  `nombre` varchar(255) NOT NULL,
  `apellido` varchar(255) NOT NULL,
  `dni` varchar(20) NOT NULL,
  `sexo` varchar(10) NOT NULL,
  `correo` varchar(50) NOT NULL,
  PRIMARY KEY (`id`)
) ENGINE=MyISAM AUTO_INCREMENT=1238 DEFAULT CHARSET=utf8mb4 COLLATE=utf8mb4_0900_ai_ci;

--
-- Volcado de datos para la tabla `alumnos`
--

INSERT INTO `alumnos` (`id`, `curso`, `nombre`, `apellido`, `dni`, `sexo`, `correo`) VALUES
(84, '1ro 1ra GAO', 'Noelia', 'Luna', '54321987', 'Femenino', 'tutor84@example.com'),
(83, '1ro 1ra GAO', 'Esteban', 'Álvarez', '87654321', 'Masculino', 'tutor83@example.com'),
(82, '1ro 1ra GAO', 'Cecilia', 'Soria', '98754321', 'Femenino', 'tutor82@example.com'),
(81, '1ro 1ra GAO', 'Maximiliano', 'Vega', '65432198', 'Masculino', 'tutor81@example.com'),
(80, '1ro 1ra GAO', 'Lucía', 'Ramos', '43219864', 'Femenino', 'tutor80@example.com'),
(79, '1ro 1ra GAO', 'Matías', 'Montes', '76543219', 'Masculino', 'tutor79@example.com'),
(78, '1ro 1ra GAO', 'Laura', 'Ferrer', '98765409', 'Femenino', 'tutor78@example.com'),
(77, '1ro 1ra GAO', 'Lautaro', 'Ríos', '54321976', 'Masculino', 'tutor77@example.com'),
(76, '1ro 1ra GAO', 'María', 'Lopez', '32198765', 'Femenino', 'tutor76@example.com'),
(75, '1ro 1ra GAO', 'Diego', 'Villalba', '12365479', 'Masculino', 'tutor75@example.com'),
(74, '1ro 1ra GAO', 'Carolina', 'Molina', '65432189', 'Femenino', 'tutor74@example.com'),
(73, '1ro 1ra GAO', 'Ignacio', 'Valdez', '43219875', 'Masculino', 'tutor73@example.com'),
(72, '1ro 1ra GAO', 'Malena', 'Campos', '54321678', 'Femenino', 'tutor72@example.com'),
(71, '1ro 1ra GAO', 'Fabián', 'Ojeda', '76543212', 'Masculino', 'tutor71@example.com'),
(70, '1ro 1ra GAO', 'Gabriela', 'Navarro', '87654309', 'Femenino', 'tutor70@example.com'),
(69, '1ro 1ra GAO', 'Rodrigo', 'Acosta', '98765412', 'Masculino', 'tutor69@example.com'),
(68, '1ro 1ra GAO', 'Melina', 'Muñoz', '65432178', 'Femenino', 'tutor68@example.com'),
(67, '1ro 1ra GAO', 'Hernán', 'Coronel', '32198745', 'Masculino', 'tutor67@example.com'),
(66, '1ro 1ra GAO', 'Daniela', 'Soto', '54321987', 'Femenino', 'tutor66@example.com'),
(65, '1ro 1ra GAO', 'Bruno', 'Cruz', '43219876', 'Masculino', 'tutor65@example.com'),
(64, '1ro 1ra GAO', 'Cintia', 'Figueroa', '65478913', 'Femenino', 'tutor64@example.com'),
(63, '1ro 1ra GAO', 'Marcelo', 'Rivera', '32165498', 'Masculino', 'tutor63@example.com'),
(62, '1ro 1ra GAO', 'Natalia', 'Aguilar', '78965432', 'Femenino', 'tutor62@example.com'),
(61, '1ro 1ra GAO', 'Gabriel', 'Vera', '87965412', 'Masculino', 'tutor61@example.com'),
(60, '1ro 1ra IPP', 'Milagros', 'Funes', '87654321', 'Femenino', 'tutor60@example.com'),
(59, '1ro 1ra IPP', 'Nicolás', 'Barrios', '98765432', 'Masculino', 'tutor59@example.com'),
(58, '1ro 1ra IPP', 'Carla', 'Ortiz', '54321987', 'Femenino', 'tutor58@example.com'),
(57, '1ro 1ra IPP', 'Ramiro', 'Espinoza', '65432187', 'Masculino', 'tutor57@example.com'),
(56, '1ro 1ra IPP', 'Valeria', 'Montenegro', '32198765', 'Femenino', 'tutor56@example.com'),
(55, '1ro 1ra IPP', 'Gustavo', 'Ávila', '43219786', 'Masculino', 'tutor55@example.com'),
(54, '1ro 1ra IPP', 'Julieta', 'Riquelme', '54321654', 'Femenino', 'tutor54@example.com'),
(53, '1ro 1ra IPP', 'Lucio', 'Orellana', '65432176', 'Masculino', 'tutor53@example.com'),
(52, '1ro 1ra IPP', 'Antonella', 'Campos', '76543212', 'Femenino', 'tutor52@example.com'),
(51, '1ro 1ra IPP', 'Axel', 'Vidal', '87654309', 'Masculino', 'tutor51@example.com'),
(50, '1ro 1ra IPP', 'Paula', 'Alvarado', '54321980', 'Femenino', 'tutor50@example.com'),
(49, '1ro 1ra IPP', 'Benjamín', 'Pérez', '43219865', 'Masculino', 'tutor49@example.com'),
(48, '1ro 1ra IPP', 'Florencia', 'Páez', '65412378', 'Femenino', 'tutor48@example.com'),
(47, '1ro 1ra IPP', 'Tomás', 'Olivera', '76543287', 'Masculino', 'tutor47@example.com'),
(46, '1ro 1ra IPP', 'Luciana', 'Guzmán', '98732165', 'Femenino', 'tutor46@example.com'),
(45, '1ro 1ra IPP', 'Facundo', 'Santos', '12365479', 'Masculino', 'tutor45@example.com'),
(44, '1ro 1ra IPP', 'Sabrina', 'Mendoza', '32198745', 'Femenino', 'tutor44@example.com'),
(43, '1ro 1ra IPP', 'Julián', 'Mora', '65431298', 'Masculino', 'tutor43@example.com'),
(42, '1ro 1ra IPP', 'Bianca', 'Ramírez', '43219876', 'Femenino', 'tutor42@example.com'),
(41, '1ro 1ra IPP', 'Matías', 'Quiroga', '54321987', 'Masculino', 'tutor41@example.com'),
(40, '1ro 1ra IPP', 'Natalia', 'Salinas', '65432109', 'Femenino', 'tutor40@example.com'),
(39, '1ro 1ra IPP', 'Sergio', 'Ortiz', '76543210', 'Masculino', 'tutor39@example.com'),
(38, '1ro 1ra IPP', 'Clara', 'Maldonado', '87654390', 'Femenino', 'tutor38@example.com'),
(37, '1ro 1ra IPP', 'David', 'Juárez', '98754321', 'Masculino', 'tutor37@example.com'),
(36, '1ro 1ra IPP', 'Josefina', 'Reyes', '32189765', 'Femenino', 'tutor36@example.com'),
(35, '1ro 1ra IPP', 'Pablo', 'Ramos', '43219875', 'Masculino', 'tutor35@example.com'),
(34, '1ro 1ra IPP', 'Lorena', 'Torres', '54321876', 'Femenino', 'tutor34@example.com'),
(33, '1ro 1ra IPP', 'Iván', 'Herrera', '65432187', 'Masculino', 'tutor33@example.com'),
(32, '1ro 1ra IPP', 'Ana', 'Gómez', '76543219', 'Femenino', 'tutor32@example.com'),
(31, '1ro 1ra IPP', 'Daniel', 'Romero', '87654321', 'Masculino', 'tutor31@example.com'),
(30, '1ro 1ra CB', 'Mariano', 'Paz', '32198741', 'Masculino', 'correooriginal@example.com'),
(29, '1ro 1ra CB', 'Tomás', 'León', '12365498', 'Masculino', 'tutor29@example.com'),
(28, '1ro 1ra CB', 'Paula', 'Ortega', '65478932', 'Femenino', 'tutor28@example.com'),
(27, '1ro 1ra CB', 'Joaquín', 'Luna', '98765431', 'Masculino', 'tutor27@example.com'),
(26, '1ro 1ra CB', 'Micaela', 'Vargas', '32145679', 'Femenino', 'tutor26@example.com'),
(25, '1ro 1ra CB', 'Esteban', 'Molina', '12378945', 'Masculino', 'tutor25@example.com'),
(24, '1ro 1ra CB', 'Agustina', 'Bustos', '98732154', 'Femenino', 'tutor24@example.com'),
(23, '1ro 1ra CB', 'Fernando', 'Ponce', '65412387', 'Masculino', 'tutor23@example.com'),
(22, '1ro 1ra CB', 'Milena', 'Cáceres', '32198765', 'Femenino', 'tutor22@example.com'),
(21, '1ro 1ra CB', 'Nicolás', 'Blanco', '78965412', 'Masculino', 'tutor21@example.com'),
(20, '1ro 1ra CB', 'Carolina', 'Paredes', '12365478', 'Femenino', 'tutor20@example.com'),
(19, '1ro 1ra CB', 'Gonzalo', 'Cabrera', '98765412', 'Masculino', 'tutor19@example.com'),
(18, '1ro 1ra CB', 'Florencia', 'Iglesias', '54612398', 'Femenino', 'tutor18@example.com'),
(17, '1ro 1ra CB', 'Matías', 'Sosa', '32165487', 'Masculino', 'tutor17@example.com'),
(16, '1ro 1ra CB', 'Julieta', 'Escobar', '43216578', 'Femenino', 'tutor16@example.com'),
(15, '1ro 1ra CB', 'Alejandro', 'Méndez', '54321678', 'Masculino', 'tutor15@example.com'),
(14, '1ro 1ra CB', 'Sabrina', 'Silva', '32145678', 'Femenino', 'tutor14@example.com'),
(13, '1ro 1ra CB', 'Lucas', 'Moreno', '12398745', 'Masculino', 'tutor13@example.com'),
(12, '1ro 1ra CB', 'Emilia', 'Castro', '23456780', 'Femenino', 'tutor12@example.com'),
(11, '1ro 1ra CB', 'Martín', 'Díaz', '12345679', 'Masculino', 'tutor11@example.com'),
(10, '1ro 1ra CB', 'Santiago', 'Sánchez', '01234567', 'Masculino', 'tutor10@example.com'),
(9, '1ro 1ra CB', 'Valentina', 'Rojas', '90123456', 'Femenino', 'tutor9@gmail.com'),
(8, '1ro 1ra CB', 'Camila', 'Ruiz', '89012345', 'Femenino', 'tutor8@example.com'),
(7, '1ro 1ra CB', 'Federico', 'García', '78901234', 'Masculino', 'tutor7@example.com'),
(6, '1ro 1ra CB', 'Sofía', 'Martínez', '67890123', 'Femenino', 'tutor6@example.com'),
(5, '1ro 1ra CB', 'Miguel', 'López', '56789012', 'Masculino', 'tutor5@example.com'),
(4, '1ro 1ra CB', 'Lucía', 'Fernández', '45678901', 'Femenino', 'tutor4@example.com'),
(3, '1ro 1ra CB', 'Carlos', 'Rodríguez', '34567890', 'Masculino', 'tutor3@example.com'),
(2, '1ro 1ra CB', 'María', 'González', '23456789', 'Femenino', 'tutor2@example.com'),
(1, '1ro 1ra CB', 'Juan', 'Pérez', '12345678', 'Masculino', 'tutor1@example.com'),
(85, '1ro 1ra GAO', 'Damián', 'Rey', '43219874', 'Masculino', 'tutor85@example.com'),
(86, '1ro 1ra GAO', 'Sabrina', 'Rojas', '98765432', 'Femenino', 'tutor86@example.com'),
(87, '1ro 1ra GAO', 'Jorge', 'Cabrera', '32198745', 'Masculino', 'tutor87@example.com'),
(88, '1ro 1ra GAO', 'Ailén', 'Miranda', '65432123', 'Femenino', 'tutor88@example.com'),
(89, '1ro 1ra GAO', 'Leandro', 'Ortiz', '54321986', 'Masculino', 'tutor89@example.com'),
(90, '1ro 1ra GAO', 'Valeria', 'Franco', '98765432', 'Femenino', 'tutor90@example.com'),
(91, '1ro 1ra TEP', 'Patricio', 'Benítez', '65412345', 'Masculino', 'tutor91@example.com'),
(92, '1ro 1ra TEP', 'Romina', 'Arias', '32165498', 'Femenino', 'tutor92@example.com'),
(93, '1ro 1ra TEP', 'Fabián', 'Palacios', '12365479', 'Masculino', 'tutor93@example.com'),
(94, '1ro 1ra TEP', 'Jazmín', 'Peralta', '65432198', 'Femenino', 'tutor94@example.com'),
(95, '1ro 1ra TEP', 'Felipe', 'Serrano', '43219876', 'Masculino', 'tutor95@example.com'),
(96, '1ro 1ra TEP', 'Gabriela', 'Lagos', '65432187', 'Femenino', 'tutor96@example.com'),
(97, '1ro 1ra TEP', 'Cristian', 'López', '32198745', 'Masculino', 'tutor97@example.com'),
(98, '1ro 1ra TEP', 'Elena', 'Pizarro', '87654309', 'Femenino', 'tutor98@example.com'),
(99, '1ro 1ra TEP', 'Manuel', 'Páez', '54321986', 'Masculino', 'tutor99@example.com'),
(100, '1ro 1ra TEP', 'Agustina', 'Delgado', '98765412', 'Femenino', 'tutor100@example.com'),
(101, '1ro 1ra TEP', 'Gustavo', 'Maldonado', '76543219', 'Masculino', 'tutor101@example.com'),
(102, '1ro 1ra TEP', 'Juliana', 'Zúñiga', '65432123', 'Femenino', 'tutor102@example.com'),
(103, '1ro 1ra TEP', 'Eduardo', 'Benítez', '32198765', 'Masculino', 'tutor103@example.com'),
(104, '1ro 1ra TEP', 'Lorena', 'Gutiérrez', '87654321', 'Femenino', 'tutor104@example.com'),
(105, '1ro 1ra TEP', 'Sebastián', 'Pereira', '54321965', 'Masculino', 'tutor105@example.com'),
(106, '1ro 1ra TEP', 'Verónica', 'Moya', '43219874', 'Femenino', 'tutor106@example.com'),
(107, '1ro 1ra TEP', 'Oscar', 'Funes', '76543210', 'Masculino', 'tutor107@example.com'),
(108, '1ro 1ra TEP', 'Rocío', 'Ramírez', '65432198', 'Femenino', 'tutor108@example.com'),
(109, '1ro 1ra TEP', 'Damián', 'Córdoba', '98765431', 'Masculino', 'tutor109@example.com'),
(110, '1ro 1ra TEP', 'Carla', 'Ledesma', '54321678', 'Femenino', 'tutor110@example.com'),
(111, '1ro 1ra TEP', 'Marcelo', 'Quintero', '43219865', 'Masculino', 'tutor111@example.com'),
(112, '1ro 1ra TEP', 'Victoria', 'Reyes', '32198745', 'Femenino', 'tutor112@example.com'),
(113, '1ro 1ra TEP', 'Héctor', 'Romero', '98765432', 'Masculino', 'tutor113@example.com'),
(114, '1ro 1ra TEP', 'Isabella', 'Soria', '65432189', 'Femenino', 'tutor114@example.com'),
(115, '1ro 1ra TEP', 'Joaquín', 'Espinoza', '43219876', 'Masculino', 'tutor115@example.com'),
(116, '1ro 1ra TEP', 'Jimena', 'Martínez', '54321987', 'Femenino', 'tutor116@example.com'),
(117, '1ro 1ra TEP', 'Martín', 'Peralta', '32198765', 'Masculino', 'tutor117@example.com'),
(118, '1ro 1ra TEP', 'Romina', 'Ferrer', '65432198', 'Femenino', 'tutor118@example.com'),
(119, '1ro 1ra TEP', 'Ezequiel', 'Franco', '98765412', 'Masculino', 'tutor119@example.com'),
(120, '1ro 1ra TEP', 'Antonella', 'Paredes', '87654309', 'Femenino', 'tutor120@example.com');

-- --------------------------------------------------------

--
-- Estructura de tabla para la tabla `asistencias`
--

DROP TABLE IF EXISTS `asistencias`;
CREATE TABLE IF NOT EXISTS `asistencias` (
  `id` int NOT NULL AUTO_INCREMENT,
  `alumno_id` int DEFAULT NULL,
  `fecha` date NOT NULL,
  `estado` enum('asistencia','inasistencia','tardanza') CHARACTER SET utf8mb4 COLLATE utf8mb4_0900_ai_ci NOT NULL,
  `justificada` tinyint(1) DEFAULT '0',
  PRIMARY KEY (`id`),
  KEY `alumno_id` (`alumno_id`)
) ENGINE=MyISAM AUTO_INCREMENT=758 DEFAULT CHARSET=utf8mb4 COLLATE=utf8mb4_0900_ai_ci;

--
-- Volcado de datos para la tabla `asistencias`
--

INSERT INTO `asistencias` (`id`, `alumno_id`, `fecha`, `estado`, `justificada`) VALUES
(563, 1, '2024-09-08', 'inasistencia', 0),
(562, 1, '2024-09-02', 'inasistencia', 0),
(561, 1, '2024-08-25', 'inasistencia', 1),
(560, 1, '2024-08-20', 'inasistencia', 0),
(559, 1, '2024-08-15', 'inasistencia', 1),
(558, 1, '2024-08-08', 'inasistencia', 0),
(557, 1, '2024-08-01', 'inasistencia', 1),
(556, 20, '2024-09-29', 'inasistencia', 0),
(555, 19, '2024-09-29', 'inasistencia', 0),
(554, 18, '2024-09-29', 'inasistencia', 0),
(553, 17, '2024-09-29', 'inasistencia', 0),
(552, 15, '2024-09-29', 'inasistencia', 0),
(551, 9, '2024-09-29', 'inasistencia', 0),
(550, 10, '2024-09-29', 'inasistencia', 0),
(549, 16, '2024-09-29', 'inasistencia', 1),
(548, 20, '2024-09-13', 'asistencia', 0),
(547, 19, '2024-09-13', 'asistencia', 0),
(546, 18, '2024-09-13', 'asistencia', 0),
(545, 17, '2024-09-13', 'inasistencia', 0),
(544, 15, '2024-09-13', 'inasistencia', 0),
(543, 9, '2024-09-13', 'inasistencia', 0),
(542, 10, '2024-09-13', 'tardanza', 0),
(541, 16, '2024-09-13', 'tardanza', 0),
(540, 20, '2024-09-12', 'asistencia', 0),
(539, 19, '2024-09-12', 'asistencia', 0),
(538, 18, '2024-09-12', 'asistencia', 0),
(537, 17, '2024-09-12', 'asistencia', 0),
(536, 15, '2024-09-12', 'asistencia', 0),
(535, 9, '2024-09-12', 'asistencia', 0),
(534, 10, '2024-09-12', 'asistencia', 0),
(533, 16, '2024-09-12', 'asistencia', 0),
(412, 20, '2024-08-21', 'inasistencia', 0),
(411, 19, '2024-08-21', 'inasistencia', 0),
(410, 18, '2024-08-21', 'asistencia', 0),
(409, 17, '2024-08-21', 'asistencia', 0),
(408, 15, '2024-08-21', 'inasistencia', 0),
(407, 9, '2024-08-21', 'tardanza', 0),
(406, 10, '2024-08-21', 'tardanza', 0),
(405, 16, '2024-08-21', 'tardanza', 0),
(372, 20, '2024-08-19', 'inasistencia', 0),
(371, 19, '2024-08-19', 'inasistencia', 0),
(370, 18, '2024-08-19', 'inasistencia', 0),
(369, 17, '2024-08-19', 'inasistencia', 0),
(368, 15, '2024-08-19', 'inasistencia', 0),
(367, 9, '2024-08-19', 'inasistencia', 0),
(366, 10, '2024-08-19', 'inasistencia', 0),
(365, 16, '2024-08-19', 'inasistencia', 0),
(564, 1, '2024-09-15', 'inasistencia', 0),
(565, 1, '2024-09-22', 'inasistencia', 1),
(566, 1, '2024-09-29', 'inasistencia', 0),
(567, 2, '2024-08-01', 'inasistencia', 0),
(568, 2, '2024-08-05', 'inasistencia', 1),
(569, 2, '2024-08-10', 'inasistencia', 0),
(570, 2, '2024-08-15', 'inasistencia', 0),
(571, 2, '2024-08-20', 'inasistencia', 0),
(572, 2, '2024-08-25', 'inasistencia', 1),
(573, 2, '2024-09-01', 'inasistencia', 1),
(574, 2, '2024-09-05', 'inasistencia', 0),
(575, 2, '2024-09-10', 'inasistencia', 1),
(576, 2, '2024-09-15', 'inasistencia', 0),
(577, 2, '2024-09-20', 'inasistencia', 0),
(578, 2, '2024-09-25', 'inasistencia', 1),
(579, 3, '2024-08-01', 'inasistencia', 0),
(580, 3, '2024-08-05', 'inasistencia', 1),
(581, 3, '2024-08-10', 'inasistencia', 0),
(582, 3, '2024-08-15', 'inasistencia', 0),
(583, 3, '2024-08-20', 'inasistencia', 0),
(584, 3, '2024-08-25', 'inasistencia', 1),
(585, 3, '2024-09-01', 'inasistencia', 1),
(586, 3, '2024-09-05', 'inasistencia', 0),
(587, 3, '2024-09-10', 'inasistencia', 1),
(588, 3, '2024-09-15', 'inasistencia', 0),
(589, 3, '2024-09-20', 'inasistencia', 0),
(590, 3, '2024-09-25', 'inasistencia', 1),
(591, 3, '2024-09-28', 'inasistencia', 0),
(592, 3, '2024-09-30', 'inasistencia', 0),
(593, 3, '2024-10-02', 'inasistencia', 0),
(755, 3, '2024-10-03', 'tardanza', 0),
(595, 3, '2024-10-04', 'inasistencia', 0),
(596, 3, '2024-10-05', 'inasistencia', 0),
(597, 3, '2024-10-06', 'inasistencia', 1),
(598, 3, '2024-10-07', 'inasistencia', 0),
(599, 41, '2024-08-01', 'inasistencia', 0),
(600, 41, '2024-08-05', 'inasistencia', 1),
(601, 41, '2024-08-10', 'inasistencia', 0),
(602, 41, '2024-08-15', 'inasistencia', 0),
(603, 41, '2024-08-20', 'inasistencia', 0),
(604, 41, '2024-08-25', 'inasistencia', 1),
(605, 41, '2024-09-01', 'inasistencia', 1),
(606, 41, '2024-09-05', 'inasistencia', 0),
(607, 41, '2024-09-10', 'inasistencia', 1),
(608, 41, '2024-09-15', 'inasistencia', 0),
(609, 41, '2024-09-20', 'inasistencia', 0),
(610, 42, '2024-08-01', 'inasistencia', 1),
(611, 42, '2024-08-05', 'inasistencia', 0),
(612, 42, '2024-08-10', 'inasistencia', 0),
(613, 42, '2024-08-15', 'inasistencia', 1),
(614, 42, '2024-08-20', 'inasistencia', 0),
(615, 42, '2024-08-25', 'inasistencia', 0),
(616, 42, '2024-09-01', 'inasistencia', 1),
(617, 42, '2024-09-05', 'inasistencia', 1),
(618, 42, '2024-09-10', 'inasistencia', 0),
(619, 42, '2024-09-15', 'inasistencia', 0),
(620, 42, '2024-09-20', 'inasistencia', 0),
(621, 42, '2024-09-25', 'inasistencia', 1),
(622, 43, '2024-08-01', 'inasistencia', 0),
(623, 43, '2024-08-05', 'inasistencia', 1),
(624, 43, '2024-08-10', 'inasistencia', 0),
(625, 43, '2024-08-15', 'inasistencia', 0),
(626, 43, '2024-08-20', 'inasistencia', 0),
(627, 43, '2024-08-25', 'inasistencia', 1),
(628, 43, '2024-09-01', 'inasistencia', 1),
(629, 43, '2024-09-05', 'inasistencia', 0),
(630, 43, '2024-09-10', 'inasistencia', 1),
(631, 43, '2024-09-15', 'inasistencia', 0),
(632, 43, '2024-09-20', 'inasistencia', 0),
(633, 43, '2024-09-25', 'inasistencia', 1),
(634, 43, '2024-09-28', 'inasistencia', 0),
(635, 43, '2024-09-30', 'inasistencia', 0),
(636, 43, '2024-10-02', 'inasistencia', 0),
(637, 43, '2024-10-03', 'inasistencia', 1),
(638, 43, '2024-10-04', 'inasistencia', 0),
(639, 43, '2024-10-05', 'inasistencia', 0),
(640, 43, '2024-10-06', 'inasistencia', 1),
(641, 43, '2024-10-07', 'inasistencia', 0),
(642, 61, '2024-08-01', 'inasistencia', 0),
(643, 61, '2024-08-05', 'inasistencia', 1),
(644, 61, '2024-08-10', 'inasistencia', 0),
(645, 61, '2024-08-15', 'inasistencia', 0),
(646, 61, '2024-08-20', 'inasistencia', 0),
(647, 61, '2024-08-25', 'inasistencia', 1),
(648, 61, '2024-09-01', 'inasistencia', 1),
(649, 61, '2024-09-05', 'inasistencia', 0),
(650, 61, '2024-09-10', 'inasistencia', 1),
(651, 61, '2024-09-15', 'inasistencia', 0),
(652, 61, '2024-09-20', 'inasistencia', 0),
(653, 62, '2024-08-01', 'inasistencia', 0),
(654, 62, '2024-08-05', 'inasistencia', 1),
(655, 62, '2024-08-10', 'inasistencia', 0),
(656, 62, '2024-08-15', 'inasistencia', 0),
(657, 62, '2024-08-20', 'inasistencia', 0),
(658, 62, '2024-08-25', 'inasistencia', 1),
(659, 62, '2024-09-01', 'inasistencia', 1),
(660, 62, '2024-09-05', 'inasistencia', 0),
(661, 62, '2024-09-10', 'inasistencia', 1),
(662, 62, '2024-09-15', 'inasistencia', 0),
(663, 62, '2024-09-20', 'inasistencia', 0),
(664, 62, '2024-09-25', 'inasistencia', 1),
(665, 63, '2024-08-01', 'inasistencia', 0),
(666, 63, '2024-08-05', 'inasistencia', 1),
(667, 63, '2024-08-10', 'inasistencia', 0),
(668, 63, '2024-08-15', 'inasistencia', 0),
(669, 63, '2024-08-20', 'inasistencia', 0),
(670, 63, '2024-08-25', 'inasistencia', 1),
(671, 63, '2024-09-01', 'inasistencia', 1),
(672, 63, '2024-09-05', 'inasistencia', 0),
(673, 63, '2024-09-10', 'inasistencia', 1),
(674, 63, '2024-09-15', 'inasistencia', 0),
(675, 63, '2024-09-20', 'inasistencia', 0),
(676, 63, '2024-09-25', 'inasistencia', 1),
(677, 63, '2024-09-28', 'inasistencia', 0),
(678, 63, '2024-09-30', 'inasistencia', 0),
(679, 63, '2024-10-02', 'inasistencia', 0),
(680, 63, '2024-10-03', 'inasistencia', 1),
(681, 63, '2024-10-04', 'inasistencia', 0),
(682, 63, '2024-10-05', 'inasistencia', 0),
(683, 63, '2024-10-06', 'inasistencia', 1),
(684, 63, '2024-10-07', 'inasistencia', 0),
(685, 101, '2024-08-01', 'inasistencia', 0),
(686, 101, '2024-08-05', 'inasistencia', 1),
(687, 101, '2024-08-10', 'inasistencia', 0),
(688, 101, '2024-08-15', 'inasistencia', 0),
(689, 101, '2024-08-20', 'inasistencia', 0),
(690, 101, '2024-08-25', 'inasistencia', 1),
(691, 101, '2024-09-01', 'inasistencia', 1),
(692, 101, '2024-09-05', 'inasistencia', 0),
(693, 101, '2024-09-10', 'inasistencia', 1),
(694, 101, '2024-09-15', 'inasistencia', 0),
(695, 101, '2024-09-20', 'inasistencia', 0),
(696, 102, '2024-08-01', 'inasistencia', 1),
(697, 102, '2024-08-05', 'inasistencia', 0),
(698, 102, '2024-08-10', 'inasistencia', 0),
(699, 102, '2024-08-15', 'inasistencia', 1),
(700, 102, '2024-08-20', 'inasistencia', 0),
(701, 102, '2024-08-25', 'inasistencia', 0),
(702, 102, '2024-09-01', 'inasistencia', 1),
(703, 102, '2024-09-05', 'inasistencia', 1),
(704, 102, '2024-09-10', 'inasistencia', 0),
(705, 102, '2024-09-15', 'inasistencia', 0),
(706, 102, '2024-09-20', 'inasistencia', 0),
(707, 102, '2024-09-25', 'inasistencia', 1),
(708, 103, '2024-08-01', 'inasistencia', 0),
(709, 103, '2024-08-05', 'inasistencia', 1),
(710, 103, '2024-08-10', 'inasistencia', 0),
(711, 103, '2024-08-15', 'inasistencia', 0),
(712, 103, '2024-08-20', 'inasistencia', 0),
(713, 103, '2024-08-25', 'inasistencia', 1),
(714, 103, '2024-09-01', 'inasistencia', 1),
(715, 103, '2024-09-05', 'inasistencia', 0),
(716, 103, '2024-09-10', 'inasistencia', 1),
(717, 103, '2024-09-15', 'inasistencia', 0),
(718, 103, '2024-09-20', 'inasistencia', 0),
(719, 103, '2024-09-25', 'inasistencia', 1),
(720, 103, '2024-09-28', 'inasistencia', 0),
(721, 103, '2024-09-30', 'inasistencia', 0),
(722, 103, '2024-10-02', 'inasistencia', 0),
(723, 103, '2024-10-03', 'inasistencia', 1),
(724, 103, '2024-10-04', 'inasistencia', 0),
(725, 103, '2024-10-05', 'inasistencia', 0),
(726, 103, '2024-10-06', 'inasistencia', 1),
(727, 103, '2024-10-07', 'inasistencia', 0),
(728, 30, '2024-10-03', 'asistencia', 0),
(729, 29, '2024-10-03', 'asistencia', 0),
(730, 28, '2024-10-03', 'asistencia', 0),
(731, 27, '2024-10-03', 'asistencia', 0),
(732, 26, '2024-10-03', 'asistencia', 0),
(733, 25, '2024-10-03', 'asistencia', 0),
(734, 24, '2024-10-03', 'asistencia', 0),
(735, 23, '2024-10-03', 'tardanza', 0),
(736, 22, '2024-10-03', 'tardanza', 0),
(737, 21, '2024-10-03', 'tardanza', 0),
(738, 20, '2024-10-03', 'inasistencia', 0),
(739, 19, '2024-10-03', 'inasistencia', 0),
(740, 18, '2024-10-03', 'tardanza', 0),
(741, 17, '2024-10-03', 'inasistencia', 0),
(742, 16, '2024-10-03', 'inasistencia', 0),
(743, 15, '2024-10-03', 'tardanza', 0),
(744, 14, '2024-10-03', 'asistencia', 0),
(745, 13, '2024-10-03', 'asistencia', 0),
(746, 12, '2024-10-03', 'tardanza', 0),
(747, 11, '2024-10-03', 'asistencia', 0),
(748, 10, '2024-10-03', 'inasistencia', 0),
(749, 9, '2024-10-03', 'inasistencia', 0),
(750, 8, '2024-10-03', 'asistencia', 0),
(751, 7, '2024-10-03', 'asistencia', 0),
(752, 6, '2024-10-03', 'asistencia', 0),
(753, 5, '2024-10-03', 'asistencia', 0),
(754, 4, '2024-10-03', 'tardanza', 0),
(756, 2, '2024-10-03', 'tardanza', 0),
(757, 1, '2024-10-03', 'inasistencia', 0);

-- --------------------------------------------------------

--
-- Estructura de tabla para la tabla `usuarios`
--

DROP TABLE IF EXISTS `usuarios`;
CREATE TABLE IF NOT EXISTS `usuarios` (
  `id` int NOT NULL AUTO_INCREMENT,
  `nombre` varchar(255) NOT NULL,
  `contraseña` varchar(255) NOT NULL,
  `permisos` set('1ro 1ra CB','1ro 2da CB','1ro 3ra CB','1ro 4ta CB','1ro 5ta CB','1ro 6ta CB','1ro 7ma CB','2do 1ra CB','2do 2da CB','2do 3ra CB','2do 4ta CB','2do 5ta CB','1ro 1ra IPP','1ro 2da IPP','2do 1ra IPP','2do 2da IPP','3ro 1ra IPP','3ro 2da IPP','4to 1ra IPP','4to 2da IPP','1ro 1ra GAO','1ro 2da GAO','1ro 3ra GAO','1ro 4ta GAO','2do 1ra GAO','2do 2da GAO','2do 3ra GAO','2do 4ta GAO','3ro 1ra GAO','3ro 2da GAO','3ro 3ra GAO','3ro 4ta GAO','4to 1ra GAO','4to 2da GAO','4to 3ra GAO','4to 4ta GAO','1ro 1ra TEP','2do 1ra TEP','3ro 1ra TEP','4to 1ra TEP','Administrador') CHARACTER SET utf8mb4 COLLATE utf8mb4_0900_ai_ci DEFAULT NULL,
  PRIMARY KEY (`id`)
) ENGINE=MyISAM AUTO_INCREMENT=18 DEFAULT CHARSET=utf8mb4 COLLATE=utf8mb4_0900_ai_ci;

--
-- Volcado de datos para la tabla `usuarios`
--

INSERT INTO `usuarios` (`id`, `nombre`, `contraseña`, `permisos`) VALUES
(1, 'admin', '$2y$10$olWiN01dNLm6Y3bvACEuAuYlE5x7QQgKqFisxhPHI0mu7JR5ZzLha', 'Administrador'),
(11, 'sosa', '$2y$10$IT7JZzUll94g2triJ54klutAeT8kYnxiw3nVxxZkr5I74MxULp2lW', '3ro 1ra IPP,3ro 2da IPP,4to 1ra IPP,4to 2da IPP,1ro 1ra TEP,2do 1ra TEP,3ro 1ra TEP,4to 1ra TEP'),
(15, 'carla', '$2y$10$dTF6KKoPjJfeQf2HJgObhOPPezwTyAdkpjPtx51Ql6dG65J0IC0vi', '1ro 1ra CB,1ro 2da CB,1ro 3ra CB,1ro 4ta CB,1ro 5ta CB,1ro 6ta CB,1ro 7ma CB,2do 1ra CB,2do 2da CB,2do 3ra CB,2do 4ta CB,2do 5ta CB'),
(16, 'mayonesa', '$2y$10$Yc.0hSKLp2v1eyoX/3PT3eIkTvIw4S7XgIWDqIV3OaCCBbET5JiN6', '1ro 1ra IPP,1ro 2da IPP,2do 1ra IPP,2do 2da IPP,3ro 1ra IPP,3ro 2da IPP,4to 1ra IPP,4to 2da IPP,1ro 1ra TEP,2do 1ra TEP,3ro 1ra TEP,4to 1ra TEP'),
(17, 'Mr Básico', '$2y$10$uHjrhDUVaH6Fzq5rSsbZz.0toHwZMiFOFguzgwIc2ekiEmksan1xq', '1ro 1ra CB,1ro 2da CB,1ro 3ra CB,1ro 4ta CB,1ro 5ta CB,1ro 6ta CB,1ro 7ma CB,2do 1ra CB,2do 2da CB,2do 3ra CB,2do 4ta CB,2do 5ta CB');
COMMIT;

/*!40101 SET CHARACTER_SET_CLIENT=@OLD_CHARACTER_SET_CLIENT */;
/*!40101 SET CHARACTER_SET_RESULTS=@OLD_CHARACTER_SET_RESULTS */;
/*!40101 SET COLLATION_CONNECTION=@OLD_COLLATION_CONNECTION */;
